<?xml version="1.0" standalone="yes"?>  <DATAPACKET Version="2.0"><METADATA><FIELDS><FIELD attrname="ProductID" fieldtype="i4" readonly="true" SUBTYPE="Autoinc"/><FIELD attrname="ProductName" fieldtype="string.uni" WIDTH="80"/><FIELD attrname="SupplierID" fieldtype="i4"/><FIELD attrname="SupplierName" fieldtype="string.uni" WIDTH="80"/><FIELD attrname="CategoryID" fieldtype="i4"/><FIELD attrname="CategoryName" fieldtype="string.uni" WIDTH="30"/><FIELD attrname="QuantityPerUnit" fieldtype="string.uni" WIDTH="40"/><FIELD attrname="UnitPrice" fieldtype="fixed" DECIMALS="4" WIDTH="19"/><FIELD attrname="UnitsInStock" fieldtype="i2"/><FIELD attrname="UnitsOnOrder" fieldtype="i2"/><FIELD attrname="ReorderLevel" fieldtype="i2"/><FIELD attrname="Discontinued" fieldtype="boolean"/></FIELDS><PARAMS CHANGE_LOG="1 0 4 2 0 4 3 0 4 4 0 4 5 0 4 6 0 4 7 0 4 8 0 4 9 0 4 10 0 4 11 0 4 12 0 4 13 0 4 14 0 4 15 0 4 16 0 4 17 0 4 18 0 4 19 0 4 20 0 4 21 0 4 22 0 4 23 0 4 24 0 4 25 0 4 26 0 4 27 0 4 28 0 4 29 0 4 30 0 4 31 0 4 32 0 4 33 0 4 34 0 4 35 0 4 36 0 4 37 0 4 38 0 4 39 0 4 40 0 4 41 0 4 42 0 4 43 0 4 44 0 4 45 0 4 46 0 4 47 0 4 48 0 4 49 0 4 50 0 4 51 0 4 52 0 4 53 0 4 54 0 4 55 0 4 56 0 4 57 0 4 58 0 4 59 0 4 60 0 4 61 0 4 62 0 4 63 0 4 64 0 4 65 0 4 66 0 4 67 0 4 68 0 4 69 0 4 70 0 4 71 0 4 72 0 4 73 0 4 74 0 4 75 0 4 76 0 4 77 0 4" AUTOINCVALUE="78"/></METADATA><ROWDATA><ROW RowState="4" ProductID="1" ProductName="Chai" SupplierName="Exotic Liquids" CategoryName="Beverages" QuantityPerUnit="10 boxes x 20 bags" UnitPrice="18.0000" UnitsInStock="39" UnitsOnOrder="0" ReorderLevel="10" Discontinued="FALSE"/><ROW RowState="4" ProductID="2" ProductName="Chang" SupplierName="Exotic Liquids" CategoryName="Beverages" QuantityPerUnit="24 - 12 oz bottles" UnitPrice="19.0000" UnitsInStock="17" UnitsOnOrder="40" ReorderLevel="25" Discontinued="FALSE"/><ROW RowState="4" ProductID="3" ProductName="Aniseed Syrup" SupplierName="Exotic Liquids" CategoryName="Condiments" QuantityPerUnit="12 - 550 ml bottles" UnitPrice="10.0000" UnitsInStock="13" UnitsOnOrder="70" ReorderLevel="25" Discontinued="FALSE"/><ROW RowState="4" ProductID="4" ProductName="Chef Anton&apos;s Cajun Seasoning" SupplierName="New Orleans Cajun Delights" CategoryName="Condiments" QuantityPerUnit="48 - 6 oz jars" UnitPrice="22.0000" UnitsInStock="53" UnitsOnOrder="0" ReorderLevel="0" Discontinued="FALSE"/><ROW RowState="4" ProductID="5" ProductName="Chef Anton&apos;s Gumbo Mix" SupplierName="New Orleans Cajun Delights" CategoryName="Condiments" QuantityPerUnit="36 boxes" UnitPrice="21.3500" UnitsInStock="0" UnitsOnOrder="0" ReorderLevel="0" Discontinued="TRUE"/><ROW RowState="4" ProductID="6" ProductName="Grandma&apos;s Boysenberry Spread" SupplierName="Grandma Kelly&apos;s Homestead" CategoryName="Condiments" QuantityPerUnit="12 - 8 oz jars" UnitPrice="25.0000" UnitsInStock="120" UnitsOnOrder="0" ReorderLevel="25" Discontinued="FALSE"/><ROW RowState="4" ProductID="7" ProductName="Uncle Bob&apos;s Organic Dried Pears" SupplierName="Grandma Kelly&apos;s Homestead" CategoryName="Produce" QuantityPerUnit="12 - 1 lb pkgs." UnitPrice="30.0000" UnitsInStock="15" UnitsOnOrder="0" ReorderLevel="10" Discontinued="FALSE"/><ROW RowState="4" ProductID="8" ProductName="Northwoods Cranberry Sauce" SupplierName="Grandma Kelly&apos;s Homestead" CategoryName="Condiments" QuantityPerUnit="12 - 12 oz jars" UnitPrice="40.0000" UnitsInStock="6" UnitsOnOrder="0" ReorderLevel="0" Discontinued="FALSE"/><ROW RowState="4" ProductID="9" ProductName="Mishi Kobe Niku" SupplierName="Tokyo Traders" CategoryName="Meat/Poultry" QuantityPerUnit="18 - 500 g pkgs." UnitPrice="97.0000" UnitsInStock="29" UnitsOnOrder="0" ReorderLevel="0" Discontinued="TRUE"/><ROW RowState="4" ProductID="10" ProductName="Ikura" SupplierName="Tokyo Traders" CategoryName="Seafood" QuantityPerUnit="12 - 200 ml jars" UnitPrice="31.0000" UnitsInStock="31" UnitsOnOrder="0" ReorderLevel="0" Discontinued="FALSE"/><ROW RowState="4" ProductID="11" ProductName="Queso Cabrales" SupplierName="Cooperativa de Quesos &apos;Las Cabras&apos;" CategoryName="Dairy Products" QuantityPerUnit="1 kg pkg." UnitPrice="21.0000" UnitsInStock="22" UnitsOnOrder="30" ReorderLevel="30" Discontinued="FALSE"/><ROW RowState="4" ProductID="12" ProductName="Queso Manchego La Pastora" SupplierName="Cooperativa de Quesos &apos;Las Cabras&apos;" CategoryName="Dairy Products" QuantityPerUnit="10 - 500 g pkgs." UnitPrice="38.0000" UnitsInStock="86" UnitsOnOrder="0" ReorderLevel="0" Discontinued="FALSE"/><ROW RowState="4" ProductID="13" ProductName="Konbu" SupplierName="Mayumi&apos;s" CategoryName="Seafood" QuantityPerUnit="2 kg box" UnitPrice="6.0000" UnitsInStock="24" UnitsOnOrder="0" ReorderLevel="5" Discontinued="FALSE"/><ROW RowState="4" ProductID="14" ProductName="Tofu" SupplierName="Mayumi&apos;s" CategoryName="Produce" QuantityPerUnit="40 - 100 g pkgs." UnitPrice="23.2500" UnitsInStock="35" UnitsOnOrder="0" ReorderLevel="0" Discontinued="FALSE"/><ROW RowState="4" ProductID="15" ProductName="Genen Shouyu" SupplierName="Mayumi&apos;s" CategoryName="Condiments" QuantityPerUnit="24 - 250 ml bottles" UnitPrice="15.5000" UnitsInStock="39" UnitsOnOrder="0" ReorderLevel="5" Discontinued="FALSE"/><ROW RowState="4" ProductID="16" ProductName="Pavlova" SupplierName="Pavlova, Ltd." CategoryName="Confections" QuantityPerUnit="32 - 500 g boxes" UnitPrice="17.4500" UnitsInStock="29" UnitsOnOrder="0" ReorderLevel="10" Discontinued="FALSE"/><ROW RowState="4" ProductID="17" ProductName="Alice Mutton" SupplierName="Pavlova, Ltd." CategoryName="Meat/Poultry" QuantityPerUnit="20 - 1 kg tins" UnitPrice="39.0000" UnitsInStock="0" UnitsOnOrder="0" ReorderLevel="0" Discontinued="TRUE"/><ROW RowState="4" ProductID="18" ProductName="Carnarvon Tigers" SupplierName="Pavlova, Ltd." CategoryName="Seafood" QuantityPerUnit="16 kg pkg." UnitPrice="62.5000" UnitsInStock="42" UnitsOnOrder="0" ReorderLevel="0" Discontinued="FALSE"/><ROW RowState="4" ProductID="19" ProductName="Teatime Chocolate Biscuits" SupplierName="Specialty Biscuits, Ltd." CategoryName="Confections" QuantityPerUnit="10 boxes x 12 pieces" UnitPrice="9.2000" UnitsInStock="25" UnitsOnOrder="0" ReorderLevel="5" Discontinued="FALSE"/><ROW RowState="4" ProductID="20" ProductName="Sir Rodney&apos;s Marmalade" SupplierName="Specialty Biscuits, Ltd." CategoryName="Confections" QuantityPerUnit="30 gift boxes" UnitPrice="81.0000" UnitsInStock="40" UnitsOnOrder="0" ReorderLevel="0" Discontinued="FALSE"/><ROW RowState="4" ProductID="21" ProductName="Sir Rodney&apos;s Scones" SupplierName="Specialty Biscuits, Ltd." CategoryName="Confections" QuantityPerUnit="24 pkgs. x 4 pieces" UnitPrice="10.0000" UnitsInStock="3" UnitsOnOrder="40" ReorderLevel="5" Discontinued="FALSE"/><ROW RowState="4" ProductID="22" ProductName="Gustaf&apos;s Kn&#228;ckebr&#246;d" SupplierName="PB Kn&#228;ckebr&#246;d AB" CategoryName="Grains/Cereals" QuantityPerUnit="24 - 500 g pkgs." UnitPrice="21.0000" UnitsInStock="104" UnitsOnOrder="0" ReorderLevel="25" Discontinued="FALSE"/><ROW RowState="4" ProductID="23" ProductName="Tunnbr&#246;d" SupplierName="PB Kn&#228;ckebr&#246;d AB" CategoryName="Grains/Cereals" QuantityPerUnit="12 - 250 g pkgs." UnitPrice="9.0000" UnitsInStock="61" UnitsOnOrder="0" ReorderLevel="25" Discontinued="FALSE"/><ROW RowState="4" ProductID="24" ProductName="Guaran&#225; Fant&#225;stica" SupplierName="Refrescos Americanas LTDA" CategoryName="Beverages" QuantityPerUnit="12 - 355 ml cans" UnitPrice="4.5000" UnitsInStock="20" UnitsOnOrder="0" ReorderLevel="0" Discontinued="TRUE"/><ROW RowState="4" ProductID="25" ProductName="NuNuCa Nu&#223;-Nougat-Creme" SupplierName="Heli S&#252;&#223;waren GmbH &amp; Co. KG" CategoryName="Confections" QuantityPerUnit="20 - 450 g glasses" UnitPrice="14.0000" UnitsInStock="76" UnitsOnOrder="0" ReorderLevel="30" Discontinued="FALSE"/><ROW RowState="4" ProductID="26" ProductName="Gumb&#228;r Gummib&#228;rchen" SupplierName="Heli S&#252;&#223;waren GmbH &amp; Co. KG" CategoryName="Confections" QuantityPerUnit="100 - 250 g bags" UnitPrice="31.2300" UnitsInStock="15" UnitsOnOrder="0" ReorderLevel="0" Discontinued="FALSE"/><ROW RowState="4" ProductID="27" ProductName="Schoggi Schokolade" SupplierName="Heli S&#252;&#223;waren GmbH &amp; Co. KG" CategoryName="Confections" QuantityPerUnit="100 - 100 g pieces" UnitPrice="43.9000" UnitsInStock="49" UnitsOnOrder="0" ReorderLevel="30" Discontinued="FALSE"/><ROW RowState="4" ProductID="28" ProductName="R&#246;ssle Sauerkraut" SupplierName="Plutzer Lebensmittelgro&#223;m&#228;rkte AG" CategoryName="Produce" QuantityPerUnit="25 - 825 g cans" UnitPrice="45.6000" UnitsInStock="26" UnitsOnOrder="0" ReorderLevel="0" Discontinued="TRUE"/><ROW RowState="4" ProductID="29" ProductName="Th&#252;ringer Rostbratwurst" SupplierName="Plutzer Lebensmittelgro&#223;m&#228;rkte AG" CategoryName="Meat/Poultry" QuantityPerUnit="50 bags x 30 sausgs." UnitPrice="123.7900" UnitsInStock="0" UnitsOnOrder="0" ReorderLevel="0" Discontinued="TRUE"/><ROW RowState="4" ProductID="30" ProductName="Nord-Ost Matjeshering" SupplierName="Nord-Ost-Fisch Handelsgesellschaft mbH" CategoryName="Seafood" QuantityPerUnit="10 - 200 g glasses" UnitPrice="25.8900" UnitsInStock="10" UnitsOnOrder="0" ReorderLevel="15" Discontinued="FALSE"/><ROW RowState="4" ProductID="31" ProductName="Gorgonzola Telino" SupplierName="Formaggi Fortini s.r.l." CategoryName="Dairy Products" QuantityPerUnit="12 - 100 g pkgs" UnitPrice="12.5000" UnitsInStock="0" UnitsOnOrder="70" ReorderLevel="20" Discontinued="FALSE"/><ROW RowState="4" ProductID="32" ProductName="Mascarpone Fabioli" SupplierName="Formaggi Fortini s.r.l." CategoryName="Dairy Products" QuantityPerUnit="24 - 200 g pkgs." UnitPrice="32.0000" UnitsInStock="9" UnitsOnOrder="40" ReorderLevel="25" Discontinued="FALSE"/><ROW RowState="4" ProductID="33" ProductName="Geitost" SupplierName="Norske Meierier" CategoryName="Dairy Products" QuantityPerUnit="500 g" UnitPrice="2.5000" UnitsInStock="112" UnitsOnOrder="0" ReorderLevel="20" Discontinued="FALSE"/><ROW RowState="4" ProductID="34" ProductName="Sasquatch Ale" SupplierName="Bigfoot Breweries" CategoryName="Beverages" QuantityPerUnit="24 - 12 oz bottles" UnitPrice="14.0000" UnitsInStock="111" UnitsOnOrder="0" ReorderLevel="15" Discontinued="FALSE"/><ROW RowState="4" ProductID="35" ProductName="Steeleye Stout" SupplierName="Bigfoot Breweries" CategoryName="Beverages" QuantityPerUnit="24 - 12 oz bottles" UnitPrice="18.0000" UnitsInStock="20" UnitsOnOrder="0" ReorderLevel="15" Discontinued="FALSE"/><ROW RowState="4" ProductID="36" ProductName="Inlagd Sill" SupplierName="Svensk Sj&#246;f&#246;da AB" CategoryName="Seafood" QuantityPerUnit="24 - 250 g  jars" UnitPrice="19.0000" UnitsInStock="112" UnitsOnOrder="0" ReorderLevel="20" Discontinued="FALSE"/><ROW RowState="4" ProductID="37" ProductName="Gravad lax" SupplierName="Svensk Sj&#246;f&#246;da AB" CategoryName="Seafood" QuantityPerUnit="12 - 500 g pkgs." UnitPrice="26.0000" UnitsInStock="11" UnitsOnOrder="50" ReorderLevel="25" Discontinued="FALSE"/><ROW RowState="4" ProductID="38" ProductName="C&#244;te de Blaye" SupplierName="Aux joyeux eccl&#233;siastiques" CategoryName="Beverages" QuantityPerUnit="12 - 75 cl bottles" UnitPrice="263.5000" UnitsInStock="17" UnitsOnOrder="0" ReorderLevel="15" Discontinued="FALSE"/><ROW RowState="4" ProductID="39" ProductName="Chartreuse verte" SupplierName="Aux joyeux eccl&#233;siastiques" CategoryName="Beverages" QuantityPerUnit="750 cc per bottle" UnitPrice="18.0000" UnitsInStock="69" UnitsOnOrder="0" ReorderLevel="5" Discontinued="FALSE"/><ROW RowState="4" ProductID="40" ProductName="Boston Crab Meat" SupplierName="New England Seafood Cannery" CategoryName="Seafood" QuantityPerUnit="24 - 4 oz tins" UnitPrice="18.4000" UnitsInStock="123" UnitsOnOrder="0" ReorderLevel="30" Discontinued="FALSE"/><ROW RowState="4" ProductID="41" ProductName="Jack&apos;s New England Clam Chowder" SupplierName="New England Seafood Cannery" CategoryName="Seafood" QuantityPerUnit="12 - 12 oz cans" UnitPrice="9.6500" UnitsInStock="85" UnitsOnOrder="0" ReorderLevel="10" Discontinued="FALSE"/><ROW RowState="4" ProductID="42" ProductName="Singaporean Hokkien Fried Mee" SupplierName="Leka Trading" CategoryName="Grains/Cereals" QuantityPerUnit="32 - 1 kg pkgs." UnitPrice="14.0000" UnitsInStock="26" UnitsOnOrder="0" ReorderLevel="0" Discontinued="TRUE"/><ROW RowState="4" ProductID="43" ProductName="Ipoh Coffee" SupplierName="Leka Trading" CategoryName="Beverages" QuantityPerUnit="16 - 500 g tins" UnitPrice="46.0000" UnitsInStock="17" UnitsOnOrder="10" ReorderLevel="25" Discontinued="FALSE"/><ROW RowState="4" ProductID="44" ProductName="Gula Malacca" SupplierName="Leka Trading" CategoryName="Condiments" QuantityPerUnit="20 - 2 kg bags" UnitPrice="19.4500" UnitsInStock="27" UnitsOnOrder="0" ReorderLevel="15" Discontinued="FALSE"/><ROW RowState="4" ProductID="45" ProductName="R&#248;gede sild" SupplierName="Lyngbysild" CategoryName="Seafood" QuantityPerUnit="1k pkg." UnitPrice="9.5000" UnitsInStock="5" UnitsOnOrder="70" ReorderLevel="15" Discontinued="FALSE"/><ROW RowState="4" ProductID="46" ProductName="Spegesild" SupplierName="Lyngbysild" CategoryName="Seafood" QuantityPerUnit="4 - 450 g glasses" UnitPrice="12.0000" UnitsInStock="95" UnitsOnOrder="0" ReorderLevel="0" Discontinued="FALSE"/><ROW RowState="4" ProductID="47" ProductName="Zaanse koeken" SupplierName="Zaanse Snoepfabriek" CategoryName="Confections" QuantityPerUnit="10 - 4 oz boxes" UnitPrice="9.5000" UnitsInStock="36" UnitsOnOrder="0" ReorderLevel="0" Discontinued="FALSE"/><ROW RowState="4" ProductID="48" ProductName="Chocolade" SupplierName="Zaanse Snoepfabriek" CategoryName="Confections" QuantityPerUnit="10 pkgs." UnitPrice="12.7500" UnitsInStock="15" UnitsOnOrder="70" ReorderLevel="25" Discontinued="FALSE"/><ROW RowState="4" ProductID="49" ProductName="Maxilaku" SupplierName="Karkki Oy" CategoryName="Confections" QuantityPerUnit="24 - 50 g pkgs." UnitPrice="20.0000" UnitsInStock="10" UnitsOnOrder="60" ReorderLevel="15" Discontinued="FALSE"/><ROW RowState="4" ProductID="50" ProductName="Valkoinen suklaa" SupplierName="Karkki Oy" CategoryName="Confections" QuantityPerUnit="12 - 100 g bars" UnitPrice="16.2500" UnitsInStock="65" UnitsOnOrder="0" ReorderLevel="30" Discontinued="FALSE"/><ROW RowState="4" ProductID="51" ProductName="Manjimup Dried Apples" SupplierName="G&apos;day, Mate" CategoryName="Produce" QuantityPerUnit="50 - 300 g pkgs." UnitPrice="53.0000" UnitsInStock="20" UnitsOnOrder="0" ReorderLevel="10" Discontinued="FALSE"/><ROW RowState="4" ProductID="52" ProductName="Filo Mix" SupplierName="G&apos;day, Mate" CategoryName="Grains/Cereals" QuantityPerUnit="16 - 2 kg boxes" UnitPrice="7.0000" UnitsInStock="38" UnitsOnOrder="0" ReorderLevel="25" Discontinued="FALSE"/><ROW RowState="4" ProductID="53" ProductName="Perth Pasties" SupplierName="G&apos;day, Mate" CategoryName="Meat/Poultry" QuantityPerUnit="48 pieces" UnitPrice="32.8000" UnitsInStock="0" UnitsOnOrder="0" ReorderLevel="0" Discontinued="TRUE"/><ROW RowState="4" ProductID="54" ProductName="Tourti&#232;re" SupplierName="Ma Maison" CategoryName="Meat/Poultry" QuantityPerUnit="16 pies" UnitPrice="7.4500" UnitsInStock="21" UnitsOnOrder="0" ReorderLevel="10" Discontinued="FALSE"/><ROW RowState="4" ProductID="55" ProductName="P&#226;t&#233; chinois" SupplierName="Ma Maison" CategoryName="Meat/Poultry" QuantityPerUnit="24 boxes x 2 pies" UnitPrice="24.0000" UnitsInStock="115" UnitsOnOrder="0" ReorderLevel="20" Discontinued="FALSE"/><ROW RowState="4" ProductID="56" ProductName="Gnocchi di nonna Alice" SupplierName="Pasta Buttini s.r.l." CategoryName="Grains/Cereals" QuantityPerUnit="24 - 250 g pkgs." UnitPrice="38.0000" UnitsInStock="21" UnitsOnOrder="10" ReorderLevel="30" Discontinued="FALSE"/><ROW RowState="4" ProductID="57" ProductName="Ravioli Angelo" SupplierName="Pasta Buttini s.r.l." CategoryName="Grains/Cereals" QuantityPerUnit="24 - 250 g pkgs." UnitPrice="19.5000" UnitsInStock="36" UnitsOnOrder="0" ReorderLevel="20" Discontinued="FALSE"/><ROW RowState="4" ProductID="58" ProductName="Escargots de Bourgogne" SupplierName="Escargots Nouveaux" CategoryName="Seafood" QuantityPerUnit="24 pieces" UnitPrice="13.2500" UnitsInStock="62" UnitsOnOrder="0" ReorderLevel="20" Discontinued="FALSE"/><ROW RowState="4" ProductID="59" ProductName="Raclette Courdavault" SupplierName="Gai p&#226;turage" CategoryName="Dairy Products" QuantityPerUnit="5 kg pkg." UnitPrice="55.0000" UnitsInStock="79" UnitsOnOrder="0" ReorderLevel="0" Discontinued="FALSE"/><ROW RowState="4" ProductID="60" ProductName="Camembert Pierrot" SupplierName="Gai p&#226;turage" CategoryName="Dairy Products" QuantityPerUnit="15 - 300 g rounds" UnitPrice="34.0000" UnitsInStock="19" UnitsOnOrder="0" ReorderLevel="0" Discontinued="FALSE"/><ROW RowState="4" ProductID="61" ProductName="Sirop d&apos;&#233;rable" SupplierName="For&#234;ts d&apos;&#233;rables" CategoryName="Condiments" QuantityPerUnit="24 - 500 ml bottles" UnitPrice="28.5000" UnitsInStock="113" UnitsOnOrder="0" ReorderLevel="25" Discontinued="FALSE"/><ROW RowState="4" ProductID="62" ProductName="Tarte au sucre" SupplierName="For&#234;ts d&apos;&#233;rables" CategoryName="Confections" QuantityPerUnit="48 pies" UnitPrice="49.3000" UnitsInStock="17" UnitsOnOrder="0" ReorderLevel="0" Discontinued="FALSE"/><ROW RowState="4" ProductID="63" ProductName="Vegie-spread" SupplierName="Pavlova, Ltd." CategoryName="Condiments" QuantityPerUnit="15 - 625 g jars" UnitPrice="43.9000" UnitsInStock="24" UnitsOnOrder="0" ReorderLevel="5" Discontinued="FALSE"/><ROW RowState="4" ProductID="64" ProductName="Wimmers gute Semmelkn&#246;del" SupplierName="Plutzer Lebensmittelgro&#223;m&#228;rkte AG" CategoryName="Grains/Cereals" QuantityPerUnit="20 bags x 4 pieces" UnitPrice="33.2500" UnitsInStock="22" UnitsOnOrder="80" ReorderLevel="30" Discontinued="FALSE"/><ROW RowState="4" ProductID="65" ProductName="Louisiana Fiery Hot Pepper Sauce" SupplierName="New Orleans Cajun Delights" CategoryName="Condiments" QuantityPerUnit="32 - 8 oz bottles" UnitPrice="21.0500" UnitsInStock="76" UnitsOnOrder="0" ReorderLevel="0" Discontinued="FALSE"/><ROW RowState="4" ProductID="66" ProductName="Louisiana Hot Spiced Okra" SupplierName="New Orleans Cajun Delights" CategoryName="Condiments" QuantityPerUnit="24 - 8 oz jars" UnitPrice="17.0000" UnitsInStock="4" UnitsOnOrder="100" ReorderLevel="20" Discontinued="FALSE"/><ROW RowState="4" ProductID="67" ProductName="Laughing Lumberjack Lager" SupplierName="Bigfoot Breweries" CategoryName="Beverages" QuantityPerUnit="24 - 12 oz bottles" UnitPrice="14.0000" UnitsInStock="52" UnitsOnOrder="0" ReorderLevel="10" Discontinued="FALSE"/><ROW RowState="4" ProductID="68" ProductName="Scottish Longbreads" SupplierName="Specialty Biscuits, Ltd." CategoryName="Confections" QuantityPerUnit="10 boxes x 8 pieces" UnitPrice="12.5000" UnitsInStock="6" UnitsOnOrder="10" ReorderLevel="15" Discontinued="FALSE"/><ROW RowState="4" ProductID="69" ProductName="Gudbrandsdalsost" SupplierName="Norske Meierier" CategoryName="Dairy Products" QuantityPerUnit="10 kg pkg." UnitPrice="36.0000" UnitsInStock="26" UnitsOnOrder="0" ReorderLevel="15" Discontinued="FALSE"/><ROW RowState="4" ProductID="70" ProductName="Outback Lager" SupplierName="Pavlova, Ltd." CategoryName="Beverages" QuantityPerUnit="24 - 355 ml bottles" UnitPrice="15.0000" UnitsInStock="15" UnitsOnOrder="10" ReorderLevel="30" Discontinued="FALSE"/><ROW RowState="4" ProductID="71" ProductName="Fl&#248;temysost" SupplierName="Norske Meierier" CategoryName="Dairy Products" QuantityPerUnit="10 - 500 g pkgs." UnitPrice="21.5000" UnitsInStock="26" UnitsOnOrder="0" ReorderLevel="0" Discontinued="FALSE"/><ROW RowState="4" ProductID="72" ProductName="Mozzarella di Giovanni" SupplierName="Formaggi Fortini s.r.l." CategoryName="Dairy Products" QuantityPerUnit="24 - 200 g pkgs." UnitPrice="34.8000" UnitsInStock="14" UnitsOnOrder="0" ReorderLevel="0" Discontinued="FALSE"/><ROW RowState="4" ProductID="73" ProductName="R&#246;d Kaviar" SupplierName="Svensk Sj&#246;f&#246;da AB" CategoryName="Seafood" QuantityPerUnit="24 - 150 g jars" UnitPrice="15.0000" UnitsInStock="101" UnitsOnOrder="0" ReorderLevel="5" Discontinued="FALSE"/><ROW RowState="4" ProductID="74" ProductName="Longlife Tofu" SupplierName="Tokyo Traders" CategoryName="Produce" QuantityPerUnit="5 kg pkg." UnitPrice="10.0000" UnitsInStock="4" UnitsOnOrder="20" ReorderLevel="5" Discontinued="FALSE"/><ROW RowState="4" ProductID="75" ProductName="Rh&#246;nbr&#228;u Klosterbier" SupplierName="Plutzer Lebensmittelgro&#223;m&#228;rkte AG" CategoryName="Beverages" QuantityPerUnit="24 - 0.5 l bottles" UnitPrice="7.7500" UnitsInStock="125" UnitsOnOrder="0" ReorderLevel="25" Discontinued="FALSE"/><ROW RowState="4" ProductID="76" ProductName="Lakkalik&#246;&#246;ri" SupplierName="Karkki Oy" CategoryName="Beverages" QuantityPerUnit="500 ml" UnitPrice="18.0000" UnitsInStock="57" UnitsOnOrder="0" ReorderLevel="20" Discontinued="FALSE"/><ROW RowState="4" ProductID="77" ProductName="Original Frankfurter gr&#252;ne So&#223;e" SupplierName="Plutzer Lebensmittelgro&#223;m&#228;rkte AG" CategoryName="Condiments" QuantityPerUnit="12 boxes" UnitPrice="13.0000" UnitsInStock="32" UnitsOnOrder="0" ReorderLevel="15" Discontinued="FALSE"/></ROWDATA></DATAPACKET>